Z (cm),U (eV)
0.0,5.0
0.0025031289111389237,4.944238894812385
0.0050062578222778474,4.888633364749524
0.007509386733416772,4.833184288663187
0.010012515644555695,4.7778925579230895
0.012515644555694618,4.722759076704631
0.015018773466833543,4.667784762285814
0.017521902377972465,4.6129705453537095
0.02002503128911139,4.558317370320863
0.022528160200250315,4.503826195652068
0.025031289111389236,4.449497994201916
0.02753441802252816,4.395333753563619
0.030037546933667086,4.341334476429543
0.03254067584480601,4.287501180964
0.03504380475594493,4.233834901188797
0.03754693366708386,4.180336687382141
0.04005006257822278,4.127007606491447
0.0425531914893617,4.073848742560724
0.04505632040050063,4.020861197173153
0.04755944931163955,3.9680460899095955
0.05006257822277847,3.915404558823722
0.0525657071339174,3.862937760934584
0.05506883604505632,3.8106468727374048
0.057571964956195244,3.7585330907335037
0.06007509386733417,3.70659763198023
0.0625782227784731,3.654841734661913
0.06508135168961202,3.60326665868284
0.06758448060075094,3.551873686283365
0.07008760951188986,3.5006641226803064
0.0725907384230288,3.449639296732872
0.07509386733416772,3.398800561635397
0.07759699624530664,3.348149295638322
0.08010012515644556,3.2976869027988647
0.08260325406758448,3.2474148137629597
0.0851063829787234,3.197334486580164
0.08760951188986232,3.1474474075532917
0.09011264080100126,3.09775509212471
0.09261576971214018,3.0482590858013094
0.0951188986232791,2.9989609651203337
0.09762202753441802,2.9498623386584026
0.10012515644555695,2.900964848086198
0.10262828535669587,2.852270169271492
0.1051314142678348,2.8037800134333666
0.10763454317897372,2.755496128350682
0.11013767209011265,2.7074202996280974
0.11264080100125157,2.6595543520231586
0.11514392991239049,2.611900150838264
0.11764705882352941,2.564459603381601
0.12015018773466835,2.517234660501452
0.12265331664580727,2.4702273181986394
0.1251564455569462,2.423439619322229
0.1276595744680851,2.376873655354056
0.13016270337922403,2.330531568288076
0.13266583229036297,2.2844155526110437
0.13516896120150187,2.238527857391588
0.1376720901126408,2.1928707884853336
0.14017521902377972,2.1474467108644144
0.14267834793491865,2.102258051080437
0.1451814768460576,2.0573072998707937
0.1476846057571965,2.012597014919094
0.15018773466833543,1.9681298237815281
0.15269086357947434,1.9239084269920552
0.15519399249061328,1.8799356013605593
0.15769712140175218,1.8362142034795101
0.16020025031289112,1.7927471734561882
0.16270337922403005,1.7495375388892835
0.16520650813516896,1.7065884191105927
0.1677096370463079,1.6639030297147295
0.1702127659574468,1.6214846874022173
0.17271589486858574,1.5793368151640759
0.17521902377972465,1.537462947839166
0.17772215269086358,1.4958667380790742
0.18022528160200252,1.4545519627593622
0.18272841051314143,1.4135225298805858
0.18523153942428036,1.372782486007702
0.18773466833541927,1.3323360243025137
0.1902377972465582,1.2921874932106412
0.19274092615769714,1.2523414058724638
0.19524405506883605,1.212802450336613
0.19774718397997498,1.1735755006651996
0.2002503128911139,1.1346656290323087
0.20275344180225283,1.096078118931657
0.20525657071339173,1.0578184796261791
0.20775969962453067,1.0198924619920906
0.2102628285356696,0.9823060759333756
0.2127659574468085,0.9450656095703294
0.21526908635794745,0.908177650438789
0.21777221526908636,0.8716491089761444
0.2202753441802253,0.8354872446176439
0.2227784730913642,0.7996996948838618
0.22528160200250313,0.7642945079098349
0.22778473091364207,0.7292801789515642
0.23028785982478098,0.6946656915103155
0.2327909887359199,0.6604605638449086
0.23529411764705882,0.6266749018039666
0.23779724655819776,0.5933194591134573
0.2403003754693367,0.5604057065125093
0.2428035043804756,0.527945911459814
0.24530663329161453,0.49595323055789053
0.24780976220275344,0.4644418173964912
0.2503128911138924,0.43342694924663555
0.2528160200250313,0.40292517701102937
0.2553191489361702,0.37295450415357345
0.25782227784730916,0.343534602136919
0.26032540675844806,0.3146870724139581
0.26282853566958697,0.28643576858886177
0.26533166458072593,0.2588071975265479
0.26783479349186484,0.2318310258238996
0.27033792240300375,0.20554072962871225
0.2728410513141427,0.17997444383888764
0.2753441802252816,0.1551760957883183
0.27784730913642053,0.13119695717509855
0.28035043804755944,0.10809783311256826
0.2828535669586984,0.0859522643292456
0.2853566958698373,0.06485142829418389
0.2878598247809762,0.04491208798907421
0.2903629536921152,0.026290516412356434
0.2928660826032541,0.009209682455346438
0.295369211514393,-0.0059780600712124425
0.2978723404255319,-0.018595302881376608
0.30037546933667086,-0.025621915034242243
0.30287859824780977,-0.025835430992860925
0.3053817271589487,-0.02604894695147961
0.30788485607008764,-0.0262624629100983
0.31038798498122655,-0.02647597886871698
0.31289111389236546,-0.026689494827335666
0.31539424280350437,-0.02690301078595435
0.31789737171464333,-0.027116526744573037
0.32040050062578224,-0.027330042703191722
0.32290362953692114,-0.027543558661810408
0.3254067584480601,-0.027757074620429097
0.327909887359199,-0.02797059057904778
0.3304130162703379,-0.028184106537666464
0.33291614518147683,-0.028397622496285146
0.3354192740926158,-0.028611138454903835
0.3379224030037547,-0.02882465441352252
0.3404255319148936,-0.029038170372141205
0.34292866082603257,-0.029251686330759894
0.3454317897371715,-0.029465202289378576
0.3479349186483104,-0.02967871824799726
0.3504380475594493,-0.029892234206615943
0.35294117647058826,-0.030105750165234632
0.35544430538172717,-0.030319266123853317
0.3579474342928661,-0.030532782082472003
0.36045056320400504,-0.030746298041090688
0.36295369211514394,-0.030959813999709374
0.36545682102628285,-0.03117332995832806
0.36795994993742176,-0.031386845916946744
0.3704630788485607,-0.03160036187556543
0.37296620775969963,-0.031813877834184115
0.37546933667083854,-0.0320273937928028
0.3779724655819775,-0.032240909751421486
0.3804755944931164,-0.032454425710040175
0.3829787234042553,-0.032667941668658856
0.3854818523153943,-0.032881457627277545
0.3879849812265332,-0.03309497358589623
0.3904881101376721,-0.03330848954451491
0.392991239048811,-0.0335220055031336
0.39549436795994997,-0.03373552146175229
0.3979974968710889,-0.03394903742037097
0.4005006257822278,-0.03416255337898965
0.40300375469336674,-0.03437606933760834
0.40550688360450565,-0.03458958529622703
0.40801001251564456,-0.03480310125484571
0.41051314142678347,-0.03501661721346439
0.41301627033792243,-0.03523013317208308
0.41551939924906134,-0.03544364913070176
0.41802252816020025,-0.03565716508932045
0.4205256570713392,-0.03587068104793914
0.4230287859824781,-0.03608419700655782
0.425531914893617,-0.036297712965176504
0.42803504380475593,-0.03651122892379519
0.4305381727158949,-0.03672474488241388
0.4330413016270338,-0.036938260841032564
0.4355444305381727,-0.037151776799651245
0.4380475594493117,-0.037365292758269934
0.4405506883604506,-0.037578808716888616
0.4430538172715895,-0.037792324675507305
0.4455569461827284,-0.03800584063412599
0.44806007509386736,-0.038219356592744676
0.45056320400500627,-0.03843287255136336
0.4530663329161452,-0.038646388509982046
0.45556946182728414,-0.038859904468600735
0.45807259073842305,-0.03907342042721942
0.46057571964956195,-0.0392869363858381
0.46307884856070086,-0.03950045234445679
0.4655819774718398,-0.03971396830307547
0.46808510638297873,-0.03992748426169416
0.47058823529411764,-0.04014100022031284
0.4730913642052566,-0.04035451617893153
0.4755944931163955,-0.04056803213755021
0.4780976220275344,-0.0407815480961689
0.4806007509386734,-0.04099506405478759
0.4831038798498123,-0.04120858001340627
0.4856070087609512,-0.04142209597202495
0.4881101376720901,-0.04163561193064364
0.49061326658322907,-0.04184912788926233
0.493116395494368,-0.04206264384788101
0.4956195244055069,-0.042276159806499694
0.49812265331664585,-0.04248967576511838
0.5006257822277848,-0.042703191723737065
0.5031289111389237,-0.042916707682355754
0.5056320400500626,-0.043130223640974436
0.5081351689612015,-0.04334373959959312
0.5106382978723404,-0.043557255558211806
0.5131414267834794,-0.043770771516830495
0.5156445556946183,-0.043984287475449184
0.5181476846057572,-0.044197803434067866
0.5206508135168961,-0.04441131939268655
0.523153942428035,-0.04462483535130523
0.5256570713391739,-0.04483835130992392
0.5281602002503129,-0.0450518672685426
0.5306633291614519,-0.045265383227161296
0.5331664580725908,-0.04547889918577998
0.5356695869837297,-0.04569241514439866
0.5381727158948686,-0.04590593110301735
0.5406758448060075,-0.04611944706163603
0.5431789737171464,-0.04633296302025471
0.5456821026282854,-0.04654647897887341
0.5481852315394243,-0.04675999493749209
0.5506883604505632,-0.04697351089611077
0.5531914893617021,-0.04718702685472946
0.5556946182728411,-0.04740054281334814
0.55819774718398,-0.047614058771966825
0.5607008760951189,-0.04782757473058551
0.5632040050062579,-0.0480410906892042
0.5657071339173968,-0.04825460664782289
0.5682102628285357,-0.04846812260644157
0.5707133917396746,-0.048681638565060255
0.5732165206508135,-0.048895154523678944
0.5757196495619524,-0.049108670482297626
0.5782227784730913,-0.04932218644091631
0.5807259073842304,-0.049535702399535
0.5832290362953693,-0.049749218358153685
0.5857321652065082,-0.04996273431677237
0.5882352941176471,-0.050176250275391056
0.590738423028786,-0.05038976623400974
0.5932415519399249,-0.05060328219262842
0.5957446808510638,-0.05081679815124711
0.5982478097622028,-0.0510303141098658
0.6007509386733417,-0.051243830068484486
0.6032540675844806,-0.05145734602710317
0.6057571964956195,-0.05167086198572185
0.6082603254067585,-0.05188437794434053
0.6107634543178974,-0.05209789390295922
0.6132665832290363,-0.0523114098615779
0.6157697121401753,-0.0525249258201966
0.6182728410513142,-0.05273844177881528
0.6207759699624531,-0.05295195773743396
0.623279098873592,-0.05316547369605265
0.6257822277847309,-0.05337898965467133
0.6282853566958698,-0.053592505613290015
0.6307884856070087,-0.0538060215719087
0.6332916145181477,-0.05401953753052739
0.6357947434292867,-0.054233053489146074
0.6382978723404256,-0.05444656944776476
0.6408010012515645,-0.054660085406383445
0.6433041301627034,-0.05487360136500213
0.6458072590738423,-0.055087117323620816
0.6483103879849812,-0.0553006332822395
0.6508135168961202,-0.05551414924085819
0.6533166458072591,-0.055727665199476875
0.655819774718398,-0.05594118115809556
0.6583229036295369,-0.056154697116714246
0.6608260325406758,-0.05636821307533293
0.6633291614518148,-0.05658172903395161
0.6658322903629537,-0.05679524499257029
0.6683354192740927,-0.05700876095118899
0.6708385481852316,-0.05722227690980767
0.6733416770963705,-0.05743579286842636
0.6758448060075094,-0.05764930882704504
0.6783479349186483,-0.05786282478566372
0.6808510638297872,-0.05807634074428241
0.6833541927409261,-0.05828985670290109
0.6858573216520651,-0.05850337266151979
0.688360450563204,-0.05871688862013847
0.690863579474343,-0.05893040457875715
0.6933667083854819,-0.059143920537375834
0.6958698372966208,-0.05935743649599452
0.6983729662077597,-0.059570952454613205
0.7008760951188986,-0.05978446841323189
0.7033792240300376,-0.05999798437185058
0.7058823529411765,-0.060211500330469264
0.7083854818523154,-0.06042501628908795
0.7108886107634543,-0.060638532247706635
0.7133917396745932,-0.06085204820632532
0.7158948685857321,-0.061065564164944006
0.718397997496871,-0.06127908012356269
0.7209011264080101,-0.061492596082181376
0.723404255319149,-0.061706112040800065
0.7259073842302879,-0.06191962799941875
0.7284105131414268,-0.06213314395803743
0.7309136420525657,-0.06234665991665612
0.7334167709637046,-0.06256017587527479
0.7359198998748435,-0.06277369183389349
0.7384230287859825,-0.06298720779251217
0.7409261576971214,-0.06320072375113087
0.7434292866082604,-0.06341423970974955
0.7459324155193993,-0.06362775566836823
0.7484355444305382,-0.06384127162698691
0.7509386733416771,-0.0640547875856056
0.7534418022528161,-0.06426830354422429
0.755944931163955,-0.06448181950284297
0.7584480600750939,-0.06469533546146165
0.7609511889862328,-0.06490885142008035
0.7634543178973717,-0.06512236737869903
0.7659574468085106,-0.06533588333731771
0.7684605757196495,-0.0655493992959364
0.7709637046307886,-0.06576291525455509
0.7734668335419275,-0.06597643121317377
0.7759699624530664,-0.06618994717179245
0.7784730913642053,-0.06640346313041114
0.7809762202753442,-0.06661697908902982
0.7834793491864831,-0.06683049504764851
0.785982478097622,-0.0670440110062672
0.788485607008761,-0.06725752696488589
0.7909887359198999,-0.06747104292350457
0.7934918648310388,-0.06768455888212326
0.7959949937421777,-0.06789807484074194
0.7984981226533167,-0.06811159079936062
0.8010012515644556,-0.0683251067579793
0.8035043804755945,-0.06853862271659798
0.8060075093867335,-0.06875213867521668
0.8085106382978724,-0.06896565463383536
0.8110137672090113,-0.06917917059245406
0.8135168961201502,-0.06939268655107274
0.8160200250312891,-0.06960620250969142
0.818523153942428,-0.0698197184683101
0.8210262828535669,-0.07003323442692878
0.823529411764706,-0.07024675038554748
0.8260325406758449,-0.07046026634416616
0.8285356695869838,-0.07067378230278484
0.8310387984981227,-0.07088729826140353
0.8335419274092616,-0.07110081422002222
0.8360450563204005,-0.0713143301786409
0.8385481852315394,-0.07152784613725958
0.8410513141426784,-0.07174136209587828
0.8435544430538173,-0.07195487805449696
0.8460575719649562,-0.07216839401311564
0.8485607008760951,-0.07238190997173433
0.851063829787234,-0.07259542593035301
0.853566958698373,-0.07280894188897169
0.8560700876095119,-0.07302245784759039
0.8585732165206509,-0.07323597380620907
0.8610763454317898,-0.07344948976482776
0.8635794743429287,-0.07366300572344645
0.8660826032540676,-0.07387652168206513
0.8685857321652065,-0.07409003764068381
0.8710888610763454,-0.07430355359930249
0.8735919899874843,-0.07451706955792117
0.8760951188986233,-0.07473058551653987
0.8785982478097623,-0.07494410147515855
0.8811013767209012,-0.07515761743377723
0.8836045056320401,-0.07537113339239593
0.886107634543179,-0.07558464935101461
0.8886107634543179,-0.07579816530963329
0.8911138923654568,-0.07601168126825197
0.8936170212765958,-0.07622519722687067
0.8961201501877347,-0.07643871318548935
0.8986232790988736,-0.07665222914410803
0.9011264080100125,-0.07686574510272672
0.9036295369211514,-0.0770792610613454
0.9061326658322904,-0.07729277701996409
0.9086357947434293,-0.07750629297858277
0.9111389236545683,-0.07771980893720147
0.9136420525657072,-0.07793332489582015
0.9161451814768461,-0.07814684085443883
0.918648310387985,-0.07836035681305752
0.9211514392991239,-0.0785738727716762
0.9236545682102628,-0.07878738873029488
0.9261576971214017,-0.07900090468891358
0.9286608260325407,-0.07921442064753226
0.9311639549436797,-0.07942793660615094
0.9336670838548186,-0.07964145256476964
0.9361702127659575,-0.07985496852338832
0.9386733416770964,-0.080068484482007
0.9411764705882353,-0.08028200044062568
0.9436795994993742,-0.08049551639924436
0.9461827284105132,-0.08070903235786306
0.9486858573216521,-0.08092254831648174
0.951188986232791,-0.08113606427510042
0.9536921151439299,-0.08134958023371912
0.9561952440550688,-0.0815630961923378
0.9586983729662077,-0.08177661215095648
0.9612015018773468,-0.08199012810957518
0.9637046307884857,-0.08220364406819386
0.9662077596996246,-0.08241716002681254
0.9687108886107635,-0.08263067598543122
0.9712140175219024,-0.0828441919440499
0.9737171464330413,-0.08305770790266859
0.9762202753441802,-0.08327122386128728
0.9787234042553192,-0.08348473981990596
0.9812265331664581,-0.08369825577852466
0.983729662077597,-0.08391177173714334
0.986232790988736,-0.08412528769576202
0.9887359198998749,-0.0843388036543807
0.9912390488110138,-0.08455231961299939
0.9937421777221527,-0.08476583557161807
0.9962453066332917,-0.08497935153023677
0.9987484355444306,-0.08519286748885545
1.0012515644555695,-0.08540638344747413
1.0037546933667083,-0.08561989940609281
1.0062578222778473,-0.08583341536471151
1.0087609511889863,-0.0860469313233302
1.0112640801001251,-0.08626044728194887
1.0137672090112642,-0.08647396324056757
1.016270337922403,-0.08668747919918623
1.018773466833542,-0.08690099515780493
1.0212765957446808,-0.08711451111642361
1.0237797246558198,-0.0873280270750423
1.0262828535669588,-0.08754154303366099
1.0287859824780976,-0.08775505899227967
1.0312891113892366,-0.08796857495089837
1.0337922403003754,-0.08818209090951704
1.0362953692115144,-0.08839560686813573
1.0387984981226532,-0.0886091228267544
1.0413016270337923,-0.0888226387853731
1.0438047559449313,-0.08903615474399179
1.04630788485607,-0.08924967070261046
1.048811013767209,-0.08946318666122915
1.0513141426783479,-0.08967670261984784
1.053817271589487,-0.08989021857846653
1.0563204005006257,-0.0901037345370852
1.0588235294117647,-0.0903172504957039
1.0613266583229037,-0.09053076645432259
1.0638297872340425,-0.09074428241294126
1.0663329161451816,-0.09095779837155996
1.0688360450563203,-0.09117131433017864
1.0713391739674594,-0.09138483028879732
1.0738423028785984,-0.09159834624741602
1.0763454317897372,-0.0918118622060347
1.0788485607008762,-0.09202537816465338
1.081351689612015,-0.09223889412327206
1.083854818523154,-0.09245241008189076
1.0863579474342928,-0.09266592604050942
1.0888610763454318,-0.09287944199912812
1.0913642052565709,-0.09309295795774682
1.0938673341677096,-0.09330647391636548
1.0963704630788487,-0.09351998987498418
1.0988735919899875,-0.09373350583360286
1.1013767209011265,-0.09394702179222154
1.1038798498122653,-0.09416053775084023
1.1063829787234043,-0.09437405370945892
1.1088861076345433,-0.09458756966807762
1.1113892365456821,-0.09480108562669629
1.1138923654568211,-0.09501460158531498
1.11639549436796,-0.09522811754393365
1.118898623279099,-0.09544163350255234
1.1214017521902377,-0.09565514946117103
1.1239048811013768,-0.09586866541978972
1.1264080100125158,-0.0960821813784084
1.1289111389236546,-0.09629569733702709
1.1314142678347936,-0.09650921329564578
1.1339173967459324,-0.09672272925426445
1.1364205256570714,-0.09693624521288315
1.1389236545682102,-0.09714976117150181
1.1414267834793492,-0.09736327713012051
1.1439299123904882,-0.0975767930887392
1.146433041301627,-0.09779030904735789
1.148936170212766,-0.09800382500597657
1.1514392991239049,-0.09821734096459525
1.1539424280350439,-0.09843085692321395
1.1564455569461827,-0.09864437288183261
1.1589486858573217,-0.09885788884045131
1.1614518147684607,-0.09907140479907
1.1639549436795995,-0.09928492075768867
1.1664580725907385,-0.09949843671630737
1.1689612015018773,-0.09971195267492605
1.1714643304130163,-0.09992546863354473
1.1739674593241551,-0.10013898459216342
1.1764705882352942,-0.10035250055078211
1.1789737171464332,-0.10056601650940081
1.181476846057572,-0.10077953246801948
1.183979974968711,-0.10099304842663817
1.1864831038798498,-0.10120656438525684
1.1889862327909888,-0.10142008034387553
1.1914893617021276,-0.10163359630249422
1.1939924906132666,-0.1018471122611129
1.1964956195244056,-0.1020606282197316
1.1989987484355444,-0.10227414417835028
1.2015018773466835,-0.10248766013696897
1.2040050062578223,-0.10270117609558764
1.2065081351689613,-0.10291469205420634
1.2090112640801,-0.103128208012825
1.211514392991239,-0.1033417239714437
1.214017521902378,-0.1035552399300624
1.216520650813517,-0.10376875588868106
1.219023779724656,-0.10398227184729976
1.2215269086357947,-0.10419578780591844
1.2240300375469337,-0.10440930376453714
1.2265331664580725,-0.1046228197231558
1.2290362953692116,-0.1048363356817745
1.2315394242803506,-0.1050498516403932
1.2340425531914894,-0.10526336759901186
1.2365456821026284,-0.10547688355763056
1.2390488110137672,-0.10569039951624923
1.2415519399249062,-0.10590391547486792
1.244055068836045,-0.1061174314334866
1.246558197747184,-0.1063309473921053
1.249061326658323,-0.10654446335072398
1.2515644555694618,-0.10675797930934267
1.2540675844806008,-0.10697149526796136
1.2565707133917396,-0.10718501122658003
1.2590738423028787,-0.10739852718519872
1.2615769712140175,-0.1076120431438174
1.2640801001251565,-0.10782555910243609
1.2665832290362955,-0.10803907506105478
1.2690863579474343,-0.10825259101967347
1.2715894868585733,-0.10846610697829215
1.2740926157697121,-0.10867962293691083
1.2765957446808511,-0.10889313889552953
1.27909887359199,-0.1091066548541482
1.281602002503129,-0.10932017081276689
1.284105131414268,-0.10953368677138559
1.2866082603254068,-0.10974720273000425
1.2891113892365458,-0.10996071868862295
1.2916145181476846,-0.11017423464724163
1.2941176470588236,-0.11038775060586033
1.2966207759699624,-0.110601266564479
1.2991239048811014,-0.11081478252309769
1.3016270337922404,-0.11102829848171639
1.3041301627033792,-0.11124181444033505
1.3066332916145182,-0.11145533039895375
1.309136420525657,-0.11166884635757242
1.311639549436796,-0.11188236231619111
1.3141426783479349,-0.1120958782748098
1.3166458072590739,-0.11230939423342849
1.319148936170213,-0.11252291019204717
1.3216520650813517,-0.11273642615066586
1.3241551939924907,-0.11294994210928455
1.3266583229036295,-0.11316345806790322
1.3291614518147685,-0.11337697402652192
1.3316645807259073,-0.11359048998514058
1.3341677096370463,-0.11380400594375928
1.3366708385481854,-0.11401752190237797
1.3391739674593242,-0.11423103786099666
1.3416770963704632,-0.11444455381961534
1.344180225281602,-0.11465806977823402
1.346683354192741,-0.11487158573685272
1.3491864831038798,-0.11508510169547138
1.3516896120150188,-0.11529861765409008
1.3541927409261578,-0.11551213361270878
1.3566958698372966,-0.11572564957132744
1.3591989987484356,-0.11593916552994614
1.3617021276595744,-0.11615268148856482
1.3642052565707135,-0.1163661974471835
1.3667083854818523,-0.11657971340580219
1.3692115143929913,-0.11679322936442088
1.3717146433041303,-0.11700674532303958
1.374217772215269,-0.11722026128165824
1.376720901126408,-0.11743377724027694
1.379224030037547,-0.11764729319889561
1.381727158948686,-0.1178608091575143
1.3842302878598247,-0.11807432511613299
1.3867334167709637,-0.11828784107475167
1.3892365456821028,-0.11850135703337036
1.3917396745932415,-0.11871487299198905
1.3942428035043806,-0.11892838895060774
1.3967459324155194,-0.11914190490922641
1.3992490613266584,-0.1193554208678451
1.4017521902377972,-0.11956893682646377
1.4042553191489362,-0.11978245278508247
1.4067584480600752,-0.11999596874370116
1.409261576971214,-0.12020948470231983
1.411764705882353,-0.12042300066093853
1.4142678347934918,-0.12063651661955721
1.4167709637046308,-0.1208500325781759
1.4192740926157696,-0.12106354853679457
1.4217772215269087,-0.12127706449541327
1.4242803504380477,-0.12149058045403197
1.4267834793491865,-0.12170409641265063
1.4292866082603255,-0.12191761237126933
1.4317897371714643,-0.12213112832988801
1.4342928660826033,-0.1223446442885067
1.436795994993742,-0.12255816024712538
1.4392991239048811,-0.12277167620574407
1.4418022528160201,-0.12298519216436275
1.444305381727159,-0.12319870812298143
1.446808510638298,-0.12341222408160013
1.4493116395494368,-0.1236257400402188
1.4518147684605758,-0.1238392559988375
1.4543178973717146,-0.12405277195745618
1.4568210262828536,-0.12426628791607486
1.4593241551939926,-0.12447980387469355
1.4618272841051314,-0.12469331983331224
1.4643304130162704,-0.12490683579193093
1.4668335419274092,-0.12512035175054959
1.4693366708385482,-0.1253338677091683
1.471839799749687,-0.12554738366778698
1.474342928660826,-0.12576089962640566
1.476846057571965,-0.12597441558502434
1.4793491864831039,-0.12618793154364302
1.481852315394243,-0.12640144750226173
1.4843554443053817,-0.1266149634608804
1.4868585732165207,-0.1268284794194991
1.4893617021276595,-0.12704199537811778
1.4918648310387985,-0.12725551133673646
1.4943679599499375,-0.12746902729535514
1.4968710888610763,-0.12768254325397382
1.4993742177722154,-0.1278960592125925
1.5018773466833542,-0.1281095751712112
1.5043804755944932,-0.1283230911298299
1.5068836045056322,-0.12853660708844858
1.509386733416771,-0.12875012304706726
1.51188986232791,-0.12896363900568594
1.5143929912390488,-0.12917715496430462
1.5168961201501878,-0.1293906709229233
1.5193992490613266,-0.129604186881542
1.5219023779724656,-0.1298177028401607
1.5244055068836047,-0.13003121879877938
1.5269086357947435,-0.13024473475739806
1.5294117647058825,-0.13045825071601674
1.5319148936170213,-0.13067176667463543
1.5344180225281603,-0.1308852826332541
1.536921151439299,-0.1310987985918728
1.539424280350438,-0.13131231455049147
1.5419274092615771,-0.13152583050911018
1.544430538172716,-0.13173934646772886
1.546933667083855,-0.13195286242634754
1.5494367959949937,-0.13216637838496623
1.5519399249061328,-0.1323798943435849
1.5544430538172715,-0.1325934103022036
1.5569461827284106,-0.13280692626082227
1.5594493116395496,-0.13302044221944098
1.5619524405506884,-0.13323395817805964
1.5644555694618274,-0.13344747413667835
1.5669586983729662,-0.13366099009529703
1.5694618272841052,-0.1338745060539157
1.571964956195244,-0.1340880220125344
1.574468085106383,-0.13430153797115307
1.576971214017522,-0.13451505392977178
1.5794743429286608,-0.13472856988839044
1.5819774718397999,-0.13494208584700915
1.5844806007509387,-0.1351556018056278
1.5869837296620777,-0.1353691177642465
1.5894868585732165,-0.1355826337228652
1.5919899874843555,-0.13579614968148387
1.5944931163954945,-0.13600966564010256
1.5969962453066333,-0.13622318159872124
1.5994993742177723,-0.13643669755733995
1.6020025031289111,-0.1366502135159586
1.6045056320400501,-0.1368637294745773
1.607008760951189,-0.13707724543319597
1.609511889862328,-0.13729076139181468
1.612015018773467,-0.13750427735043336
1.6145181476846058,-0.13771779330905204
1.6170212765957448,-0.13793130926767072
1.6195244055068836,-0.1381448252262894
1.6220275344180226,-0.1383583411849081
1.6245306633291614,-0.13857185714352677
1.6270337922403004,-0.13878537310214548
1.6295369211514394,-0.13899888906076416
1.6320400500625782,-0.13921240501938284
1.6345431789737173,-0.13942592097800152
1.637046307884856,-0.1396394369366202
1.639549436795995,-0.13985295289523889
1.6420525657071339,-0.14006646885385757
1.644555694618273,-0.14027998481247628
1.647058823529412,-0.14049350077109496
1.6495619524405507,-0.14070701672971364
1.6520650813516897,-0.14092053268833232
1.6545682102628285,-0.141134048646951
1.6570713391739675,-0.1413475646055697
1.6595744680851063,-0.14156108056418837
1.6620775969962454,-0.14177459652280705
1.6645807259073844,-0.14198811248142576
1.6670838548185232,-0.14220162844004444
1.6695869837296622,-0.14241514439866312
1.672090112640801,-0.1426286603572818
1.67459324155194,-0.1428421763159005
1.6770963704630788,-0.14305569227451917
1.6795994993742178,-0.14326920823313785
1.6821026282853568,-0.14348272419175656
1.6846057571964956,-0.14369624015037522
1.6871088861076347,-0.14390975610899392
1.6896120150187734,-0.1441232720676126
1.6921151439299125,-0.1443367880262313
1.6946182728410513,-0.14455030398484997
1.6971214017521903,-0.14476381994346865
1.6996245306633293,-0.14497733590208736
1.702127659574468,-0.13837775566645907
1.7046307884856071,-0.12618754477353175
1.707133917396746,-0.11142683416421076
1.709637046307885,-0.09477303212443745
1.7121401752190237,-0.07657849246495826
1.7146433041301627,-0.05706618407708518
1.7171464330413018,-0.036392379959259674
1.7196495619524406,-0.014673843093175792
1.7221526908635796,0.00799824905211835
1.7246558197747184,0.03155035574809953
1.7271589486858574,0.055921671881432766
1.7296620775969962,0.08106092575401802
1.7321652065081352,0.10692419003196935
1.7346683354192742,0.13347332981738141
1.737171464330413,0.16067486896245609
1.739674593241552,0.18849914087031616
1.7421777221526908,0.21691963867603858
1.7446808510638299,0.24591250877545642
1.7471839799749687,0.2754561497156738
1.7496871088861077,0.3055308900340439
1.7521902377972467,0.33611872626666295
1.7546933667083855,0.36720310751082375
1.7571964956195245,0.3987687564955106
1.7596996245306633,0.43080151963096736
1.7622027534418023,0.46328824031467875
1.7647058823529411,0.4962166510879491
1.7672090112640801,0.5295752812116549
1.7697121401752192,0.5633533769598258
1.772215269086358,0.5975408324838353
1.774718397997497,0.6321281295248704
1.7772215269086358,0.6671062845816579
1.7797246558197748,0.7024668023982044
1.7822277847309136,0.7382016348394651
1.7847309136420526,0.7743031443848742
1.7872340425531916,0.8107640715991783
1.7897371714643304,0.8475775060449856
1.7922403003754694,0.8847368601864645
1.7947434292866082,0.9222358459033135
1.7972465581977473,0.9600684532915557
1.799749687108886,0.998228931474968
1.802252816020025,1.0367117711906233
1.804755944931164,1.0755116889448006
1.8072590738423029,1.1146236125634121
1.809762202753442,1.1540426679843532
1.8122653316645807,1.1937641671589865
1.8147684605757197,1.2337835969469388
1.8172715894868585,1.2740966089025834
1.8197747183979975,1.3146990098641238
1.8222778473091366,1.3555867532666002
1.8247809762202754,1.3967559311094524
1.8272841051314144,1.438202766517127
1.8297872340425532,1.4799236068380281
1.8322903629536922,1.5219149172333055
1.834793491864831,1.5641732747119288
1.83729662077597,1.6066953625733844
1.839799749687109,1.6494779652230525
1.8423028785982478,1.692517963329135
1.8448060075093868,1.7358123292929486
1.8473091364205256,1.7793581230072049
1.8498122653316647,1.823152487879442
1.8523153942428034,1.8671926470997682
1.8548185231539425,1.9114759001342325
1.8573216520650815,1.95599961942664
1.8598247809762203,2.0007612472933776
1.8623279098873593,2.045758292997061
1.864831038798498,2.090988329986076
1.8673341677096371,2.1364489932882957
1.869837296620776,2.1821379770480887
1.872340425531915,2.228053032196833
1.874843554443054,2.2741919642477706
1.8773466833541927,2.320552631206941
1.8798498122653318,2.3671329415925184
1.8823529411764706,2.4139308525554264
1.8848560700876096,2.4609443680948546
1.8873591989987484,2.5081715373625086
1.8898623279098874,2.555610453050213
1.8923654568210264,2.603259249855562
1.8948685857321652,2.6511161030210064
1.8973717146433042,2.6991792269418964
1.899874843554443,2.7474468738393627
1.902377972465582,2.7959173324943314
1.9048811013767208,2.8445889270390237
1.9073842302878599,2.8934600158027632
1.9098873591989989,2.9425289902089284
1.9123904881101377,2.99179427372027
1.9148936170212767,3.0412543208299057
1.9173967459324155,3.0909076160954627
1.9198998748435545,3.1407526732141315
1.9224030037546935,3.1907880341363546
1.9249061326658323,3.2410122682161884
1.9274092615769713,3.2914239713964286
1.9299123904881101,3.3420217654266233
1.9324155193992492,3.3928042971124457
1.934918648310388,3.443770237594681
1.937421777221527,3.4949182816565196
1.939924906132666,3.5462471470576005
1.9424280350438048,3.597755573893634
1.9449311639549438,3.6494423239802996
1.9474342928660826,3.701306180260239
1.9499374217772216,3.7533459462321423
1.9524405506883604,3.805560445400775
1.9549436795994994,3.857948520747098
1.9574468085106385,3.9105090342174322
1.9599499374217773,3.963240866230916
1.9624530663329163,4.016142915204375
1.964956195244055,4.069214097093791
1.967459324155194,4.122453344951758
1.9699624530663329,4.175859608500061
1.972465581977472,4.2294318537169024
1.974968710888611,4.283169062437964
1.9774718397997497,4.337070231970876
1.9799749687108887,4.391134374722435
1.9824780976220275,4.445360517838041
1.9849812265331666,4.49974770285291
1.9874843554443054,4.554294985354487
1.9899874843554444,4.6090014346557115
1.9924906132665834,4.663866133478573
1.9949937421777222,4.718888177647669
1.9974968710888612,4.774066675793295
2.0,4.82940074906367
